,recall,roc_auc,mse
logistic regression,0.6949152542372882,0.793538478415885,0.20380434782608695
random forest,0.4406779661016949,0.771323569743843,0.1875
SVM,0.6440677966101694,0.7367121935165377,0.26902173913043476
XGB,0.6610169491525424,0.7901376775821404,0.2391304347826087
